exp_condition,participant_id,trial_number,stimulus,stimulus_cond,response,correct,rt
images,159058285,1,pepper,0,0,1,847.082376
images,159058285,2,rake,0,0,1,786.13162
images,159058285,3,hammer,0,0,1,1256.066084
images,159058285,4,coconut,1,1,1,627.212524
images,159058285,5,taxi,0,0,1,753.371477
images,159058285,6,strawberry,1,1,1,549.213648
images,159058285,7,truck,1,1,1,582.473755
images,159058285,8,pencil,1,1,1,533.124685
images,159058285,9,crow,0,0,1,549.35813
images,159058285,10,scooter,0,0,1,596.253633
images,159058285,11,broccoli,0,0,1,755.026817
images,159058285,12,cow,0,0,1,770.625114
images,159058285,13,lime,0,0,1,611.863136
images,159058285,14,apple,0,0,1,942.16466
images,159058285,15,donkey,1,1,1,596.78936
images,159058285,16,boots,1,1,1,549.267292
images,159058285,17,turtle,1,1,1,439.017773
images,159058285,18,raspberry,1,1,1,470.813751
images,159058285,19,cheetah,1,1,1,377.085686
images,159058285,20,lettuce,1,1,1,535.932541
