exp_condition,participant_id,trial_number,stimulus,stimulus_cond,response,correct,rt
images,921375742,1,apple,1,1,1,557.325
images,921375742,2,cabbage,1,1,1,662.061
images,921375742,3,shoes,0,0,1,580.866
images,921375742,4,canary,1,1,1,632.736
images,921375742,5,scarf,0,0,1,910.757
images,921375742,6,bat,1,1,1,557.615
images,921375742,7,donkey,0,0,1,660.379
images,921375742,8,strawberry,0,0,1,976.253
images,921375742,9,sofa,1,1,1,645.07
images,921375742,10,garlic,0,0,1,590.351
images,921375742,11,seagull,0,0,1,948.235
images,921375742,12,peas,0,0,1,714.488
images,921375742,13,camel,1,1,1,655.868
images,921375742,14,penguin,0,0,1,846.292
images,921375742,15,dog,1,1,1,583.448
images,921375742,16,sailboat,0,0,1,710.22
images,921375742,17,hoe,0,0,1,885.783
images,921375742,18,swimsuit,1,1,1,662.965
images,921375742,19,bread,1,1,1,707.323
images,921375742,20,ball,1,1,1,611.596
